# id	nombre	grupo	unidad	aliases
o3	Ozono	contaminante_criterio	ppb	O3|Ozono|Columna O3|TROPOMI O3
pm10	Particulas PM10	contaminante_criterio	ug/m3	PM10|Particulas menores a 10 micrometros
pm25	Particulas PM2.5	contaminante_criterio	ug/m3	PM2.5|PM25|Particulas menores a 2.5 micrometros|PM2_5
pmco	Particulas gruesas PM10-2.5	contaminante_criterio	ug/m3	PMCO|PM10-2.5|Fraccion gruesa
co	Monoxido de carbono	contaminante_criterio	ppm	CO|Monoxido de carbono|Columna CO|TROPOMI CO
no	Oxido nitrico	gas_traza	ppb	NO|Oxido nitrico
no2	Dioxido de nitrogeno	contaminante_criterio	ppb	NO2|Dioxido de nitrogeno|Columna NO2|TROPOMI NO2
nox	Oxidos de nitrogeno	gas_traza	ppb	NOX|NOx|Oxidos de nitrogeno
so2	Dioxido de azufre	contaminante_criterio	ppb	SO2|Dioxido de azufre|Columna SO2|TROPOMI SO2
hcho	Formaldehido	gas_traza_satelital	mol/m2	HCHO|Formaldehido|Formaldehyde|TROPOMI HCHO
ch4	Metano	gas_efecto_invernadero_satelital	ppb	CH4|Metano|Methane|TROPOMI CH4
co2	Dioxido de carbono	gas_efecto_invernadero	ppm	CO2|Dioxido de carbono|Carbon dioxide
nh3	Amoniaco	gas_traza	ppb	NH3|Amoniaco|Ammonia
h2s	Sulfuro de hidrogeno	gas_traza	ppb	H2S|Sulfuro de hidrogeno
ben	Benceno	cov	ppb	BENCENO|BEN|Benzene
tol	Tolueno	cov	ppb	TOLUENO|TOL|Toluene
xyl	Xilenos	cov	ppb	XYL|Xileno|Xilenos|Xylene
bc	Carbono negro	aerosoles	ug/m3	BC|Black carbon|Carbono negro
ec	Carbono elemental	aerosoles	ug/m3	EC|Elemental carbon|Carbono elemental
oc	Carbono organico	aerosoles	ug/m3	OC|Organic carbon|Carbono organico
so4	Sulfato en aerosol	aerosoles	ug/m3	SO4|Sulfate aerosol|Sulfato
no3a	Nitrato en aerosol	aerosoles	ug/m3	NO3 aerosol|Nitrate aerosol|Nitrato aerosol
aod	Profundidad optica de aerosoles	aerosol_satelital	1	AOD|MAIAC AOD|Aerosol Optical Depth|Optical depth
uvai	Indice UV de aerosoles	aerosol_satelital	1	UVAI|Aerosol Index|Indice de aerosoles|TROPOMI Aerosol Index
pb	Plomo particulado	metales	ng/m3	Pb|Plomo|Lead
cd	Cadmio particulado	metales	ng/m3	Cd|Cadmio|Cadmium
as	Arsenico particulado	metales	ng/m3	As|Arsenico|Arsenic
ni	Niquel particulado	metales	ng/m3	Ni|Niquel|Nickel
hg	Mercurio	metales	ng/m3	Hg|Mercurio|Mercury
cr	Cromo particulado	metales	ng/m3	Cr|Cromo|Chromium
tmp	Temperatura ambiente	meteorologico	C	TMP|Temperatura|Temperatura ambiente|T2M|2m temperature
tmax	Temperatura maxima	meteorologico	C	TMAX|Temperatura maxima|T2M_MAX
tmin	Temperatura minima	meteorologico	C	TMIN|Temperatura minima|T2M_MIN
rh	Humedad relativa	meteorologico	%	RH|Humedad relativa|Relative humidity|RH2M
pa	Presion atmosferica	meteorologico	hPa	PA|PBa|Presion atmosferica|Surface pressure|PS
pp	Precipitacion	meteorologico	mm	PP|Precipitacion|Rainfall|Total precipitation|PRECTOTCORR
pblh	Altura de capa limite	meteorologico	m	PBLH|Boundary layer height|Capa limite|Planetary boundary layer height
wsp	Velocidad del viento	meteorologico	m/s	WSP|Velocidad del viento|Wind speed|WS10M
wdr	Direccion del viento	meteorologico	grados	WDR|Direccion del viento|Direccion de viento|WD10M
u10	Componente zonal del viento	meteorologico	m/s	U10|10m u wind|Viento zonal
v10	Componente meridional del viento	meteorologico	m/s	V10|10m v wind|Viento meridional
gr	Radiacion global	radiacion_satelital	W/m2	GR|Radiacion global|ALLSKY_SFC_SW_DWN|Surface solar radiation
uv	Indice UV	radiacion_satelital	1	UV|Indice UV|UV index
uva	Radiacion UV-A	radiacion_satelital	W/m2	UVA|Radiacion UV-A
uvb	Radiacion UV-B	radiacion_satelital	W/m2	UVB|Radiacion UV-B
uvc	Radiacion UV-C	radiacion_satelital	W/m2	UVC|Radiacion UV-C
frp	Potencia radiativa del fuego	focos_calor_satelital	MW	FRP|Fire radiative power|Potencia radiativa del fuego
brightness	Temperatura de brillo satelital	focos_calor_satelital	K	Brightness|Bright_T31|Bright TI4|Bright TI5|Temperatura de brillo
fire_temperature	Temperatura subpixel de fuego	focos_calor_satelital	K	Fire temperature|Subpixel fire temperature
fire_area	Area subpixel de fuego	focos_calor_satelital	m2	Fire area|Subpixel fire area
cloud_fraction	Fraccion nubosa	nubes_satelital	1	Cloud fraction|cloud_fraction|CF
cloud_pressure	Presion de nube	nubes_satelital	hPa	Cloud pressure|cloud_pressure
cloud_top_temperature	Temperatura de tope de nube	nubes_satelital	K	Cloud top temperature|cloud_top_temperature
lst	Temperatura superficial	superficie_satelital	C	LST|Land surface temperature|Temperatura superficial
ndvi	Indice de vegetacion NDVI	superficie_satelital	1	NDVI|Normalized Difference Vegetation Index
evi	Indice de vegetacion EVI	superficie_satelital	1	EVI|Enhanced Vegetation Index
albedo	Albedo superficial	superficie_satelital	1	ALBEDO|Albedo
soil_moisture	Humedad de suelo	superficie_satelital	m3/m3	Soil moisture|Humedad de suelo
dewpoint	Punto de rocio	meteorologico_derivado	C	Dew point|Punto de rocio|Punto de rocío
vapor_pressure	Presion de vapor	meteorologico_derivado	hPa	Vapor pressure|Presion de vapor
sat_vapor_pressure	Presion de vapor de saturacion	meteorologico_derivado	hPa	Saturation vapor pressure|Presion de vapor de saturacion
vpd	Deficit de presion de vapor	meteorologico_derivado	kPa	VPD|Vapor pressure deficit
abs_humidity	Humedad absoluta	meteorologico_derivado	g/m3	Absolute humidity|Humedad absoluta
wet_bulb	Temperatura de bulbo humedo	meteorologico_derivado	C	Wet bulb|Bulbo humedo
mixing_ratio	Razon de mezcla	meteorologico_derivado	g/kg	Mixing ratio|Razon de mezcla
specific_humidity	Humedad especifica	meteorologico_derivado	g/kg	Specific humidity|Humedad especifica
air_density	Densidad del aire	meteorologico_derivado	kg/m3	Air density|Densidad del aire
potential_temperature	Temperatura potencial	meteorologico_derivado	K	Potential temperature|Temperatura potencial
virtual_temperature	Temperatura virtual	meteorologico_derivado	K	Virtual temperature|Temperatura virtual
tc	Carbono total	carbono_derivado	ug/m3	Total carbon|Carbono total|TC
inorg_aer	Aerosol inorganico secundario	aerosoles_derivados	ug/m3	Inorganic aerosol|Sulfato+nitrato
pm25_pm10	Fraccion PM2.5/PM10	aerosoles_derivados	ratio	PM2.5/PM10|PM25_PM10
pmco_pm10	Fraccion gruesa/PM10	aerosoles_derivados	ratio	PM10-2.5/PM10|PMCO_PM10
no2_nox	Fraccion NO2/NOx	gases_derivados	ratio	NO2/NOx
no_nox	Fraccion NO/NOx	gases_derivados	ratio	NO/NOx
no_no2	Razon NO/NO2	gases_derivados	ratio	NO/NO2
ox	Oxidante fotoquimico Ox	gases_derivados	ppb	Ox|O3+NO2|Odd oxygen
hcho_no2	Razon HCHO/NO2	gases_derivados	ratio	HCHO/NO2
hcho_nox	Razon HCHO/NOx	gases_derivados	ratio	HCHO/NOx
oc_ec	Razon OC/EC	carbono_derivado	ratio	OC/EC
ec_oc	Razon EC/OC	carbono_derivado	ratio	EC/OC
ec_tc	Fraccion EC/Carbono total	carbono_derivado	ratio	EC/TC
oc_tc	Fraccion OC/Carbono total	carbono_derivado	ratio	OC/TC
bc_pm25	Fraccion BC/PM2.5	carbono_derivado	ratio	BC/PM2.5
ec_pm25	Fraccion EC/PM2.5	carbono_derivado	ratio	EC/PM2.5
oc_pm25	Fraccion OC/PM2.5	carbono_derivado	ratio	OC/PM2.5
so4_no3a	Razon sulfato/nitrato	aerosoles_derivados	ratio	SO4/NO3
btex	BTEX total	cov_derivados	ppb	BTEX|Benceno+tolueno+xilenos
tol_ben	Razon tolueno/benceno	cov_derivados	ratio	Tolueno/Benceno|TOL/BEN
xyl_ben	Razon xilenos/benceno	cov_derivados	ratio	Xilenos/Benceno|XYL/BEN
btex_ben	Razon BTEX/benceno	cov_derivados	ratio	BTEX/Benceno
o3_no2	Razon O3/NO2	gases_derivados	ratio	O3/NO2
co_no2	Razon CO/NO2	gases_derivados	ratio	CO/NO2
wgst	Rapidez de rachas de viento	meteorologico	m/s	WGST|Wind gust|Rapidez rachas|Rapidez_rachas
wdr_gust	Direccion de rachas de viento	meteorologico	grados	WDR_GUST|Gust direction|Dir rachas|Dir_rachas
uv_dose	Dosis UV	radiacion_satelital	mJ/cm2	Dosis UV|Dosis_UV|UV dose
